Month,Total Payment Received
1,667.33
2,667.33
3,667.33
4,667.33
5,667.33
6,667.33
7,667.33
8,667.33
9,667.33
10,667.33
11,667.33
12,667.33
13,667.33
14,667.33
15,667.33
16,667.33
17,667.33
18,667.33
19,667.33
20,667.33
21,667.33
22,667.33
23,667.33
24,667.33
25,667.33
26,667.33
27,667.33
28,667.33
29,667.33
30,667.33
31,667.33
32,667.33
33,667.33
34,667.33
35,667.33
36,667.33
37,667.33
38,667.33
39,667.33
40,667.33
41,667.33
42,667.33
43,667.33
44,667.33
45,667.33
46,667.33
47,667.33
48,667.33
49,667.33
50,667.33
51,667.33
52,667.33
53,667.33
54,667.33
55,667.33
56,667.33
57,667.33
58,667.33
59,667.33
60,667.33
